{
  "B": [
    0.038835306203789804,
    -0.16612777229900824,
    0.29115873221077826,
    -0.30541969328899676,
    0.2543580929682282,
    -0.1471280170728752,
    0.017098538490027147,
    0.010174379482842121,
    0.014952868172080734,
    -0.013036968296994881,
    0.020145602313886037,
    -0.008237642388506383,
    -0.026397019659580048,
    0.026615392473479087,
    -0.0069924817744466275,
    4.790951252345581e-08
  ],
  "A": [
    1,
    -5.277242480486126,
    11.804037694851193,
    -15.45979612570059,
    14.540694509009853,
    -10.447515256514485,
    4.316686189165403,
    -0.20496355600720917,
    0.10942028705465166,
    -0.7263539689740118,
    0.8604290190537462,
    -0.7347661687686565,
    -0.4557222397916547,
    1.370275063647288,
    -0.8806530008025081,
    0.18547307116605408
  ],
  "tau_ms": 1
}