{
  "mic1_sens": 113.36084581961043,
  "mic2_sens": 56.80109406763598
}