{"B":[0.0021092530207687523,-0.0092921977565715574,0.016044905772208948,-0.014877908918918666,0.010160893583635146,-0.00487475918170502,-0.0017151054586472285,0.0026263397205549639,0.0011722568072270558,-0.0021961688137841222,0.0031090172058862715,-0.004748041555784184,0.0032609847625219108,-0.00077950340885411069],"A":[1,-5.3986278010724211,12.013638537719958,-14.714840272530626,11.953050026112225,-7.1837294304071735,1.5431810781562534,2.0424759089632181,-0.71697933629986021,-1.59094925251101,2.5279115476578435,-3.7273687064661472,3.8153020713796568,-1.9414214727162245,0.37835997280042133],"tau_ms":1.25}